--
-- PostgreSQL database dump
--

-- Dumped from database version 9.5.0
-- Dumped by pg_dump version 9.5.0

SET statement_timeout = 0;
SET lock_timeout = 0;
SET client_encoding = 'UTF8';
SET standard_conforming_strings = on;
SET check_function_bodies = false;
SET client_min_messages = warning;
SET row_security = off;

--
-- Name: shoestore; Type: SCHEMA; Schema: -; Owner: postgres
--

CREATE SCHEMA shoestore;


ALTER SCHEMA shoestore OWNER TO postgres;

--
-- Name: plpgsql; Type: EXTENSION; Schema: -; Owner: 
--

CREATE EXTENSION IF NOT EXISTS plpgsql WITH SCHEMA pg_catalog;


--
-- Name: EXTENSION plpgsql; Type: COMMENT; Schema: -; Owner: 
--

COMMENT ON EXTENSION plpgsql IS 'PL/pgSQL procedural language';


SET search_path = shoestore, pg_catalog;

--
-- Name: sextype; Type: DOMAIN; Schema: shoestore; Owner: postgres
--

CREATE DOMAIN sextype AS character(1)
	CONSTRAINT sextype_check CHECK ((VALUE = ANY (ARRAY['M'::bpchar, 'F'::bpchar, 'U'::bpchar])));


ALTER DOMAIN sextype OWNER TO postgres;

SET default_tablespace = '';

SET default_with_oids = false;

--
-- Name: ar_internal_metadata; Type: TABLE; Schema: shoestore; Owner: postgres
--

CREATE TABLE ar_internal_metadata (
    key character varying NOT NULL,
    value character varying,
    created_at timestamp without time zone NOT NULL,
    updated_at timestamp without time zone NOT NULL
);


ALTER TABLE ar_internal_metadata OWNER TO postgres;

--
-- Name: availablecolors; Type: TABLE; Schema: shoestore; Owner: postgres
--

CREATE TABLE availablecolors (
    colorid integer NOT NULL,
    sid integer NOT NULL
);


ALTER TABLE availablecolors OWNER TO postgres;

--
-- Name: availablecolors_colorid_seq; Type: SEQUENCE; Schema: shoestore; Owner: postgres
--

CREATE SEQUENCE availablecolors_colorid_seq
    START WITH 1
    INCREMENT BY 1
    NO MINVALUE
    NO MAXVALUE
    CACHE 1;


ALTER TABLE availablecolors_colorid_seq OWNER TO postgres;

--
-- Name: availablecolors_colorid_seq; Type: SEQUENCE OWNED BY; Schema: shoestore; Owner: postgres
--

ALTER SEQUENCE availablecolors_colorid_seq OWNED BY availablecolors.colorid;


--
-- Name: availablecolors_sid_seq; Type: SEQUENCE; Schema: shoestore; Owner: postgres
--

CREATE SEQUENCE availablecolors_sid_seq
    START WITH 1
    INCREMENT BY 1
    NO MINVALUE
    NO MAXVALUE
    CACHE 1;


ALTER TABLE availablecolors_sid_seq OWNER TO postgres;

--
-- Name: availablecolors_sid_seq; Type: SEQUENCE OWNED BY; Schema: shoestore; Owner: postgres
--

ALTER SEQUENCE availablecolors_sid_seq OWNED BY availablecolors.sid;


--
-- Name: availablesizes; Type: TABLE; Schema: shoestore; Owner: postgres
--

CREATE TABLE availablesizes (
    sizeid integer NOT NULL,
    sid integer NOT NULL,
    quantity integer NOT NULL
);


ALTER TABLE availablesizes OWNER TO postgres;

--
-- Name: availablesizes_sid_seq; Type: SEQUENCE; Schema: shoestore; Owner: postgres
--

CREATE SEQUENCE availablesizes_sid_seq
    START WITH 1
    INCREMENT BY 1
    NO MINVALUE
    NO MAXVALUE
    CACHE 1;


ALTER TABLE availablesizes_sid_seq OWNER TO postgres;

--
-- Name: availablesizes_sid_seq; Type: SEQUENCE OWNED BY; Schema: shoestore; Owner: postgres
--

ALTER SEQUENCE availablesizes_sid_seq OWNED BY availablesizes.sid;


--
-- Name: availablesizes_sizeid_seq; Type: SEQUENCE; Schema: shoestore; Owner: postgres
--

CREATE SEQUENCE availablesizes_sizeid_seq
    START WITH 1
    INCREMENT BY 1
    NO MINVALUE
    NO MAXVALUE
    CACHE 1;


ALTER TABLE availablesizes_sizeid_seq OWNER TO postgres;

--
-- Name: availablesizes_sizeid_seq; Type: SEQUENCE OWNED BY; Schema: shoestore; Owner: postgres
--

ALTER SEQUENCE availablesizes_sizeid_seq OWNED BY availablesizes.sizeid;


--
-- Name: category; Type: TABLE; Schema: shoestore; Owner: postgres
--

CREATE TABLE category (
    catid integer NOT NULL,
    nom character varying(15) NOT NULL,
    ismen boolean DEFAULT true,
    image character varying(50) NOT NULL
);


ALTER TABLE category OWNER TO postgres;

--
-- Name: category_catid_seq; Type: SEQUENCE; Schema: shoestore; Owner: postgres
--

CREATE SEQUENCE category_catid_seq
    START WITH 1
    INCREMENT BY 1
    NO MINVALUE
    NO MAXVALUE
    CACHE 1;


ALTER TABLE category_catid_seq OWNER TO postgres;

--
-- Name: category_catid_seq; Type: SEQUENCE OWNED BY; Schema: shoestore; Owner: postgres
--

ALTER SEQUENCE category_catid_seq OWNED BY category.catid;


--
-- Name: client; Type: TABLE; Schema: shoestore; Owner: postgres
--

CREATE TABLE client (
    cid integer NOT NULL,
    fname character varying(30) NOT NULL,
    lname character varying(30) NOT NULL,
    email character varying(30) NOT NULL,
    password_digest character varying NOT NULL,
    gender sextype DEFAULT 'U'::bpchar,
    dob date
);


ALTER TABLE client OWNER TO postgres;

--
-- Name: client_cid_seq; Type: SEQUENCE; Schema: shoestore; Owner: postgres
--

CREATE SEQUENCE client_cid_seq
    START WITH 1
    INCREMENT BY 1
    NO MINVALUE
    NO MAXVALUE
    CACHE 1;


ALTER TABLE client_cid_seq OWNER TO postgres;

--
-- Name: client_cid_seq; Type: SEQUENCE OWNED BY; Schema: shoestore; Owner: postgres
--

ALTER SEQUENCE client_cid_seq OWNED BY client.cid;


--
-- Name: colors; Type: TABLE; Schema: shoestore; Owner: postgres
--

CREATE TABLE colors (
    colorid integer NOT NULL,
    color character varying(10) NOT NULL
);


ALTER TABLE colors OWNER TO postgres;

--
-- Name: colors_colorid_seq; Type: SEQUENCE; Schema: shoestore; Owner: postgres
--

CREATE SEQUENCE colors_colorid_seq
    START WITH 1
    INCREMENT BY 1
    NO MINVALUE
    NO MAXVALUE
    CACHE 1;


ALTER TABLE colors_colorid_seq OWNER TO postgres;

--
-- Name: colors_colorid_seq; Type: SEQUENCE OWNED BY; Schema: shoestore; Owner: postgres
--

ALTER SEQUENCE colors_colorid_seq OWNED BY colors.colorid;


--
-- Name: orders; Type: TABLE; Schema: shoestore; Owner: postgres
--

CREATE TABLE orders (
    oid integer NOT NULL,
    hour time without time zone DEFAULT ('now'::text)::time with time zone,
    sid integer NOT NULL,
    cid integer NOT NULL,
    quantity integer,
    flag integer NOT NULL,
    colorid integer NOT NULL,
    sizeid integer NOT NULL,
    dor timestamp without time zone DEFAULT now()
);


ALTER TABLE orders OWNER TO postgres;

--
-- Name: orders_oid_seq; Type: SEQUENCE; Schema: shoestore; Owner: postgres
--

CREATE SEQUENCE orders_oid_seq
    START WITH 1
    INCREMENT BY 1
    NO MINVALUE
    NO MAXVALUE
    CACHE 1;


ALTER TABLE orders_oid_seq OWNER TO postgres;

--
-- Name: orders_oid_seq; Type: SEQUENCE OWNED BY; Schema: shoestore; Owner: postgres
--

ALTER SEQUENCE orders_oid_seq OWNED BY orders.oid;


--
-- Name: schema_migrations; Type: TABLE; Schema: shoestore; Owner: postgres
--

CREATE TABLE schema_migrations (
    version character varying NOT NULL
);


ALTER TABLE schema_migrations OWNER TO postgres;

--
-- Name: shoes; Type: TABLE; Schema: shoestore; Owner: postgres
--

CREATE TABLE shoes (
    sid integer NOT NULL,
    name character varying(30) NOT NULL,
    price integer NOT NULL,
    image character varying(50) NOT NULL,
    catid integer NOT NULL
);


ALTER TABLE shoes OWNER TO postgres;

--
-- Name: shoes_sid_seq; Type: SEQUENCE; Schema: shoestore; Owner: postgres
--

CREATE SEQUENCE shoes_sid_seq
    START WITH 1
    INCREMENT BY 1
    NO MINVALUE
    NO MAXVALUE
    CACHE 1;


ALTER TABLE shoes_sid_seq OWNER TO postgres;

--
-- Name: shoes_sid_seq; Type: SEQUENCE OWNED BY; Schema: shoestore; Owner: postgres
--

ALTER SEQUENCE shoes_sid_seq OWNED BY shoes.sid;


--
-- Name: sizes; Type: TABLE; Schema: shoestore; Owner: postgres
--

CREATE TABLE sizes (
    sizeid integer NOT NULL,
    size numeric(2,1) NOT NULL
);


ALTER TABLE sizes OWNER TO postgres;

--
-- Name: sizes_sizeid_seq; Type: SEQUENCE; Schema: shoestore; Owner: postgres
--

CREATE SEQUENCE sizes_sizeid_seq
    START WITH 1
    INCREMENT BY 1
    NO MINVALUE
    NO MAXVALUE
    CACHE 1;


ALTER TABLE sizes_sizeid_seq OWNER TO postgres;

--
-- Name: sizes_sizeid_seq; Type: SEQUENCE OWNED BY; Schema: shoestore; Owner: postgres
--

ALTER SEQUENCE sizes_sizeid_seq OWNED BY sizes.sizeid;


--
-- Name: colorid; Type: DEFAULT; Schema: shoestore; Owner: postgres
--

ALTER TABLE ONLY availablecolors ALTER COLUMN colorid SET DEFAULT nextval('availablecolors_colorid_seq'::regclass);


--
-- Name: sid; Type: DEFAULT; Schema: shoestore; Owner: postgres
--

ALTER TABLE ONLY availablecolors ALTER COLUMN sid SET DEFAULT nextval('availablecolors_sid_seq'::regclass);


--
-- Name: sizeid; Type: DEFAULT; Schema: shoestore; Owner: postgres
--

ALTER TABLE ONLY availablesizes ALTER COLUMN sizeid SET DEFAULT nextval('availablesizes_sizeid_seq'::regclass);


--
-- Name: sid; Type: DEFAULT; Schema: shoestore; Owner: postgres
--

ALTER TABLE ONLY availablesizes ALTER COLUMN sid SET DEFAULT nextval('availablesizes_sid_seq'::regclass);


--
-- Name: catid; Type: DEFAULT; Schema: shoestore; Owner: postgres
--

ALTER TABLE ONLY category ALTER COLUMN catid SET DEFAULT nextval('category_catid_seq'::regclass);


--
-- Name: cid; Type: DEFAULT; Schema: shoestore; Owner: postgres
--

ALTER TABLE ONLY client ALTER COLUMN cid SET DEFAULT nextval('client_cid_seq'::regclass);


--
-- Name: colorid; Type: DEFAULT; Schema: shoestore; Owner: postgres
--

ALTER TABLE ONLY colors ALTER COLUMN colorid SET DEFAULT nextval('colors_colorid_seq'::regclass);


--
-- Name: oid; Type: DEFAULT; Schema: shoestore; Owner: postgres
--

ALTER TABLE ONLY orders ALTER COLUMN oid SET DEFAULT nextval('orders_oid_seq'::regclass);


--
-- Name: sid; Type: DEFAULT; Schema: shoestore; Owner: postgres
--

ALTER TABLE ONLY shoes ALTER COLUMN sid SET DEFAULT nextval('shoes_sid_seq'::regclass);


--
-- Name: sizeid; Type: DEFAULT; Schema: shoestore; Owner: postgres
--

ALTER TABLE ONLY sizes ALTER COLUMN sizeid SET DEFAULT nextval('sizes_sizeid_seq'::regclass);


--
-- Data for Name: ar_internal_metadata; Type: TABLE DATA; Schema: shoestore; Owner: postgres
--

COPY ar_internal_metadata (key, value, created_at, updated_at) FROM stdin;
environment	development	2017-03-28 18:31:28.549445	2017-03-28 18:31:28.549445
\.


--
-- Data for Name: availablecolors; Type: TABLE DATA; Schema: shoestore; Owner: postgres
--

COPY availablecolors (colorid, sid) FROM stdin;
1	2
1	1
1	3
1	4
1	5
\.


--
-- Name: availablecolors_colorid_seq; Type: SEQUENCE SET; Schema: shoestore; Owner: postgres
--

SELECT pg_catalog.setval('availablecolors_colorid_seq', 1, false);


--
-- Name: availablecolors_sid_seq; Type: SEQUENCE SET; Schema: shoestore; Owner: postgres
--

SELECT pg_catalog.setval('availablecolors_sid_seq', 1, false);


--
-- Data for Name: availablesizes; Type: TABLE DATA; Schema: shoestore; Owner: postgres
--

COPY availablesizes (sizeid, sid, quantity) FROM stdin;
1	3	10
1	2	10
2	1	10
2	2	10
1	4	10
\.


--
-- Name: availablesizes_sid_seq; Type: SEQUENCE SET; Schema: shoestore; Owner: postgres
--

SELECT pg_catalog.setval('availablesizes_sid_seq', 1, false);


--
-- Name: availablesizes_sizeid_seq; Type: SEQUENCE SET; Schema: shoestore; Owner: postgres
--

SELECT pg_catalog.setval('availablesizes_sizeid_seq', 1, false);


--
-- Data for Name: category; Type: TABLE DATA; Schema: shoestore; Owner: postgres
--

COPY category (catid, nom, ismen, image) FROM stdin;
1	Sneakers	t	cat/s.jpg
2	Dress Shoes	t	cat/ds.jpg
3	Dress Boots	t	cat/db.jpg
4	Heels	f	cat/h.jpg
5	High Heels	f	cat/hh.jpg
6	Loafers	f	cat/l.jpg
\.


--
-- Name: category_catid_seq; Type: SEQUENCE SET; Schema: shoestore; Owner: postgres
--

SELECT pg_catalog.setval('category_catid_seq', 1, false);


--
-- Data for Name: client; Type: TABLE DATA; Schema: shoestore; Owner: postgres
--

COPY client (cid, fname, lname, email, password_digest, gender, dob) FROM stdin;
1	Patrick	Abou Sleiman	patrick.as@live.com	$2a$10$K.ErpZIwnRmNoDDHkjiMMe7rY0Sb5V051wus.rP2QFUY5fbWDKFpW	U	2017-03-28
\.


--
-- Name: client_cid_seq; Type: SEQUENCE SET; Schema: shoestore; Owner: postgres
--

SELECT pg_catalog.setval('client_cid_seq', 1, true);


--
-- Data for Name: colors; Type: TABLE DATA; Schema: shoestore; Owner: postgres
--

COPY colors (colorid, color) FROM stdin;
1	brown
2	black
3	white
\.


--
-- Name: colors_colorid_seq; Type: SEQUENCE SET; Schema: shoestore; Owner: postgres
--

SELECT pg_catalog.setval('colors_colorid_seq', 1, false);


--
-- Data for Name: orders; Type: TABLE DATA; Schema: shoestore; Owner: postgres
--

COPY orders (oid, hour, sid, cid, quantity, flag, colorid, sizeid, dor) FROM stdin;
3	13:06:52.09479	2	1	7	2	1	1	2017-03-25 13:06:52.09479
4	13:50:06.103367	4	1	5	2	1	1	2017-03-25 13:50:06.103367
5	16:09:09.613016	3	1	3	2	1	1	2017-03-28 16:09:09.613016
6	16:11:08.133626	2	1	4	2	1	1	2017-03-28 16:11:08.133626
\.


--
-- Name: orders_oid_seq; Type: SEQUENCE SET; Schema: shoestore; Owner: postgres
--

SELECT pg_catalog.setval('orders_oid_seq', 7, true);


--
-- Data for Name: schema_migrations; Type: TABLE DATA; Schema: shoestore; Owner: postgres
--

COPY schema_migrations (version) FROM stdin;
\.


--
-- Data for Name: shoes; Type: TABLE DATA; Schema: shoestore; Owner: postgres
--

COPY shoes (sid, name, price, image, catid) FROM stdin;
1	Giffoni	125	m/s/giffoni	1
2	Ceridia	110	m/s/ceridia	1
3	Aauwen	75	m/s/aauwen	1
4	Municipio	130	m/ds/municipio	2
5	Bartolello	120	m/ds/bartolello	2
6	Ricmann	120	m/ds/ricmann	2
7	Fallas	165	m/db/fallas	3
8	Vianello	165	m/db/vianello	3
9	Miraenia	165	m/db/miraenia	3
10	Alaska	85	w/h/alaska	4
11	Zusien	65	w/h/zusien	4
12	Deloris	65	w/h/deloris	4
13	Cartiera	100	w/hh/cartiera	5
14	Thiasa	100	w/hh/thiasa	5
15	Alicya	110	w/hh/alicya	5
16	Cherryhill	80	w/l/cherryhill	6
17	Auchi	15	w/l/auchi	6
18	Clarencea	90	w/l/clarencea	6
\.


--
-- Name: shoes_sid_seq; Type: SEQUENCE SET; Schema: shoestore; Owner: postgres
--

SELECT pg_catalog.setval('shoes_sid_seq', 1, false);


--
-- Data for Name: sizes; Type: TABLE DATA; Schema: shoestore; Owner: postgres
--

COPY sizes (sizeid, size) FROM stdin;
1	7.0
2	7.5
3	8.0
4	8.5
5	9.0
6	9.5
\.


--
-- Name: sizes_sizeid_seq; Type: SEQUENCE SET; Schema: shoestore; Owner: postgres
--

SELECT pg_catalog.setval('sizes_sizeid_seq', 1, false);


--
-- Name: ar_internal_metadata_pkey; Type: CONSTRAINT; Schema: shoestore; Owner: postgres
--

ALTER TABLE ONLY ar_internal_metadata
    ADD CONSTRAINT ar_internal_metadata_pkey PRIMARY KEY (key);


--
-- Name: availablecolors_pkey; Type: CONSTRAINT; Schema: shoestore; Owner: postgres
--

ALTER TABLE ONLY availablecolors
    ADD CONSTRAINT availablecolors_pkey PRIMARY KEY (colorid, sid);


--
-- Name: availablesizes_pkey; Type: CONSTRAINT; Schema: shoestore; Owner: postgres
--

ALTER TABLE ONLY availablesizes
    ADD CONSTRAINT availablesizes_pkey PRIMARY KEY (sizeid, sid);


--
-- Name: category_pkey; Type: CONSTRAINT; Schema: shoestore; Owner: postgres
--

ALTER TABLE ONLY category
    ADD CONSTRAINT category_pkey PRIMARY KEY (catid);


--
-- Name: client_email_key; Type: CONSTRAINT; Schema: shoestore; Owner: postgres
--

ALTER TABLE ONLY client
    ADD CONSTRAINT client_email_key UNIQUE (email);


--
-- Name: client_pkey; Type: CONSTRAINT; Schema: shoestore; Owner: postgres
--

ALTER TABLE ONLY client
    ADD CONSTRAINT client_pkey PRIMARY KEY (cid);


--
-- Name: colors_pkey; Type: CONSTRAINT; Schema: shoestore; Owner: postgres
--

ALTER TABLE ONLY colors
    ADD CONSTRAINT colors_pkey PRIMARY KEY (colorid);


--
-- Name: orders_pkey; Type: CONSTRAINT; Schema: shoestore; Owner: postgres
--

ALTER TABLE ONLY orders
    ADD CONSTRAINT orders_pkey PRIMARY KEY (oid);


--
-- Name: schema_migrations_pkey; Type: CONSTRAINT; Schema: shoestore; Owner: postgres
--

ALTER TABLE ONLY schema_migrations
    ADD CONSTRAINT schema_migrations_pkey PRIMARY KEY (version);


--
-- Name: shoes_pkey; Type: CONSTRAINT; Schema: shoestore; Owner: postgres
--

ALTER TABLE ONLY shoes
    ADD CONSTRAINT shoes_pkey PRIMARY KEY (sid);


--
-- Name: sizes_pkey; Type: CONSTRAINT; Schema: shoestore; Owner: postgres
--

ALTER TABLE ONLY sizes
    ADD CONSTRAINT sizes_pkey PRIMARY KEY (sizeid);


--
-- Name: availablecolors_colorid_fkey; Type: FK CONSTRAINT; Schema: shoestore; Owner: postgres
--

ALTER TABLE ONLY availablecolors
    ADD CONSTRAINT availablecolors_colorid_fkey FOREIGN KEY (colorid) REFERENCES colors(colorid);


--
-- Name: availablecolors_sid_fkey; Type: FK CONSTRAINT; Schema: shoestore; Owner: postgres
--

ALTER TABLE ONLY availablecolors
    ADD CONSTRAINT availablecolors_sid_fkey FOREIGN KEY (sid) REFERENCES shoes(sid);


--
-- Name: availablesizes_sid_fkey; Type: FK CONSTRAINT; Schema: shoestore; Owner: postgres
--

ALTER TABLE ONLY availablesizes
    ADD CONSTRAINT availablesizes_sid_fkey FOREIGN KEY (sid) REFERENCES shoes(sid);


--
-- Name: availablesizes_sizeid_fkey; Type: FK CONSTRAINT; Schema: shoestore; Owner: postgres
--

ALTER TABLE ONLY availablesizes
    ADD CONSTRAINT availablesizes_sizeid_fkey FOREIGN KEY (sizeid) REFERENCES sizes(sizeid);


--
-- Name: orders_cid_fkey; Type: FK CONSTRAINT; Schema: shoestore; Owner: postgres
--

ALTER TABLE ONLY orders
    ADD CONSTRAINT orders_cid_fkey FOREIGN KEY (cid) REFERENCES client(cid);


--
-- Name: orders_colorid_fkey; Type: FK CONSTRAINT; Schema: shoestore; Owner: postgres
--

ALTER TABLE ONLY orders
    ADD CONSTRAINT orders_colorid_fkey FOREIGN KEY (colorid) REFERENCES colors(colorid);


--
-- Name: orders_sid_fkey; Type: FK CONSTRAINT; Schema: shoestore; Owner: postgres
--

ALTER TABLE ONLY orders
    ADD CONSTRAINT orders_sid_fkey FOREIGN KEY (sid) REFERENCES shoes(sid);


--
-- Name: orders_sizeid_fkey; Type: FK CONSTRAINT; Schema: shoestore; Owner: postgres
--

ALTER TABLE ONLY orders
    ADD CONSTRAINT orders_sizeid_fkey FOREIGN KEY (sizeid) REFERENCES sizes(sizeid);


--
-- Name: shoes_catid_fkey; Type: FK CONSTRAINT; Schema: shoestore; Owner: postgres
--

ALTER TABLE ONLY shoes
    ADD CONSTRAINT shoes_catid_fkey FOREIGN KEY (catid) REFERENCES category(catid);


--
-- PostgreSQL database dump complete
--

